Time,Level,Mode,NewRate,Rate,Output
71,0.9,0.3,0.12804,0.12804097,0.1016042781
34,0.9,0.3,0.11,0.1016042781,0.37662337659999
14,0.9,0.3,0.2391138273999,0.37662337659999,0.18635833
35,0.9,0.3,,0.18635833,
